{"stats":{"minecraft:mined":{"minecraft:dark_oak_planks":12,"minecraft:spruce_planks":6,"minecraft:crafting_table":2,"minecraft:grass_block":4,"minecraft:cobblestone":4,"minecraft:tall_grass":2,"minecraft:furnace":2,"minecraft:iron_ore":28,"minecraft:dark_oak_stairs":6,"minecraft:grass":3,"minecraft:oak_log":17,"minecraft:coal_ore":44,"minecraft:gravel":15,"minecraft:dirt":16,"minecraft:stone":55,"minecraft:oak_leaves":3,"minecraft:spruce_slab":1},"minecraft:custom":{"minecraft:interact_with_furnace":7,"minecraft:mob_kills":11,"minecraft:interact_with_crafting_table":12,"minecraft:play_one_minute":29827,"minecraft:time_since_death":3649,"minecraft:time_since_rest":3682,"minecraft:sprint_one_cm":38399,"minecraft:damage_taken":440,"minecraft:walk_one_cm":22320,"minecraft:damage_blocked_by_shield":265,"minecraft:drop":1,"minecraft:damage_dealt":2456,"minecraft:swim_one_cm":4383,"minecraft:fly_one_cm":38531,"minecraft:open_chest":5,"minecraft:crouch_one_cm":15129,"minecraft:deaths":1,"minecraft:sneak_time":5493,"minecraft:walk_under_water_one_cm":1341,"minecraft:boat_one_cm":1369,"minecraft:jump":268,"minecraft:walk_on_water_one_cm":3189,"minecraft:fall_one_cm":3735},"minecraft:used":{"minecraft:iron_ore":1,"minecraft:stone_shovel":17,"minecraft:stone_pickaxe":90,"minecraft:oak_planks":1,"minecraft:wooden_pickaxe":3,"minecraft:shield":8,"minecraft:rotten_flesh":6,"minecraft:torch":22,"minecraft:crafting_table":3,"minecraft:iron_pickaxe":41,"minecraft:stone_axe":75,"minecraft:cobblestone":8,"minecraft:furnace":2,"minecraft:bucket":1,"minecraft:oak_boat":1},"minecraft:picked_up":{"minecraft:crafting_table":2,"minecraft:wooden_pickaxe":1,"minecraft:flint":2,"minecraft:oak_log":22,"minecraft:shield":1,"minecraft:dirt":54,"minecraft:bone":10,"minecraft:wheat_seeds":1,"minecraft:bucket":1,"minecraft:spruce_planks":6,"minecraft:iron_ingot":15,"minecraft:stone_pickaxe":1,"minecraft:oak_boat":1,"minecraft:iron_ore":35,"minecraft:iron_pickaxe":1,"minecraft:spruce_slab":1,"minecraft:glowstone_dust":2,"minecraft:oak_planks":15,"minecraft:dark_oak_stairs":6,"minecraft:furnace":2,"minecraft:stick":7,"minecraft:torch":3,"minecraft:gravel":28,"minecraft:sand":1,"minecraft:redstone":4,"minecraft:dark_oak_planks":12,"minecraft:arrow":6,"minecraft:rotten_flesh":12,"minecraft:stone_shovel":1,"minecraft:stone_axe":1,"minecraft:coal":83,"minecraft:cobblestone":118},"minecraft:dropped":{"minecraft:wheat_seeds":1},"minecraft:killed":{"minecraft:witch":1,"minecraft:spider":1,"minecraft:creeper":1,"minecraft:skeleton":1,"minecraft:zombie":5,"minecraft:enderman":1},"minecraft:crafted":{"minecraft:oak_planks":48,"minecraft:stone_shovel":1,"minecraft:crafting_table":2,"minecraft:wooden_pickaxe":1,"minecraft:furnace":1,"minecraft:bucket":1,"minecraft:stone_axe":1,"minecraft:air":0,"minecraft:oak_boat":1,"minecraft:shield":1,"minecraft:stick":20,"minecraft:iron_ingot":14,"minecraft:iron_pickaxe":1,"minecraft:stone_pickaxe":1,"minecraft:torch":32},"minecraft:killed_by":{"minecraft:enderman":1}},"DataVersion":2586}