{"stats":{"minecraft:mined":{"minecraft:grass":2,"minecraft:grass_block":4,"minecraft:oak_log":17,"minecraft:dirt":14,"minecraft:tall_grass":1,"minecraft:stone":28,"minecraft:oak_leaves":3},"minecraft:custom":{"minecraft:time_since_rest":11827,"minecraft:sprint_one_cm":14439,"minecraft:damage_taken":255,"minecraft:walk_one_cm":6793,"minecraft:mob_kills":4,"minecraft:drop":1,"minecraft:damage_dealt":424,"minecraft:interact_with_crafting_table":4,"minecraft:swim_one_cm":1163,"minecraft:fly_one_cm":13604,"minecraft:crouch_one_cm":4338,"minecraft:play_one_minute":11827,"minecraft:sneak_time":1653,"minecraft:walk_under_water_one_cm":86,"minecraft:jump":89,"minecraft:walk_on_water_one_cm":639,"minecraft:time_since_death":11827,"minecraft:fall_one_cm":1105},"minecraft:picked_up":{"minecraft:oak_log":17,"minecraft:dirt":18,"minecraft:bone":5,"minecraft:arrow":1,"minecraft:rotten_flesh":4,"minecraft:wheat_seeds":1,"minecraft:coal":2,"minecraft:cobblestone":37},"minecraft:used":{"minecraft:stone_pickaxe":25,"minecraft:oak_planks":1,"minecraft:wooden_pickaxe":3,"minecraft:rotten_flesh":4,"minecraft:stone_axe":21,"minecraft:torch":3,"minecraft:cobblestone":6,"minecraft:crafting_table":1},"minecraft:dropped":{"minecraft:wheat_seeds":1},"minecraft:killed":{"minecraft:skeleton":1,"minecraft:zombie":1,"minecraft:spider":1},"minecraft:crafted":{"minecraft:oak_planks":24,"minecraft:crafting_table":1,"minecraft:stick":8,"minecraft:wooden_pickaxe":1,"minecraft:stone_pickaxe":1,"minecraft:torch":8,"minecraft:stone_axe":1}},"DataVersion":2586}