{"stats":{"minecraft:mined":{"minecraft:dark_oak_planks":12,"minecraft:diamond_ore":4,"minecraft:spruce_planks":6,"minecraft:obsidian":1,"minecraft:crafting_table":2,"minecraft:granite":16,"minecraft:grass_block":4,"minecraft:cobblestone":4,"minecraft:tall_grass":2,"minecraft:diorite":2,"minecraft:redstone_ore":4,"minecraft:furnace":2,"minecraft:iron_ore":39,"minecraft:andesite":1,"minecraft:dark_oak_stairs":6,"minecraft:grass":3,"minecraft:oak_log":17,"minecraft:coal_ore":44,"minecraft:gravel":16,"minecraft:dirt":28,"minecraft:stone":302,"minecraft:gold_ore":5,"minecraft:oak_leaves":3,"minecraft:spruce_slab":1},"minecraft:custom":{"minecraft:interact_with_furnace":9,"minecraft:mob_kills":13,"minecraft:interact_with_crafting_table":14,"minecraft:play_one_minute":39957,"minecraft:leave_game":1,"minecraft:time_since_death":13779,"minecraft:time_since_rest":13812,"minecraft:sprint_one_cm":47307,"minecraft:damage_taken":440,"minecraft:walk_one_cm":39174,"minecraft:damage_blocked_by_shield":435,"minecraft:drop":8,"minecraft:damage_dealt":2756,"minecraft:swim_one_cm":4383,"minecraft:fly_one_cm":42392,"minecraft:open_chest":5,"minecraft:crouch_one_cm":24321,"minecraft:deaths":1,"minecraft:sneak_time":9189,"minecraft:walk_under_water_one_cm":1608,"minecraft:boat_one_cm":1369,"minecraft:jump":314,"minecraft:walk_on_water_one_cm":4931,"minecraft:fall_one_cm":3946},"minecraft:used":{"minecraft:water_bucket":1,"minecraft:iron_ore":1,"minecraft:flint_and_steel":1,"minecraft:stone_shovel":30,"minecraft:stone_pickaxe":90,"minecraft:oak_planks":1,"minecraft:wooden_pickaxe":3,"minecraft:shield":12,"minecraft:rotten_flesh":8,"minecraft:torch":42,"minecraft:crafting_table":5,"minecraft:obsidian":1,"minecraft:diamond_pickaxe":1,"minecraft:lava_bucket":10,"minecraft:iron_pickaxe":331,"minecraft:stone_axe":79,"minecraft:cobblestone":8,"minecraft:furnace":3,"minecraft:bucket":12,"minecraft:oak_boat":1},"minecraft:picked_up":{"minecraft:crafting_table":2,"minecraft:andesite":1,"minecraft:wooden_pickaxe":1,"minecraft:flint":3,"minecraft:oak_log":22,"minecraft:shield":1,"minecraft:dirt":66,"minecraft:bone":12,"minecraft:wheat_seeds":1,"minecraft:bucket":1,"minecraft:spruce_planks":6,"minecraft:iron_ingot":15,"minecraft:stone_pickaxe":1,"minecraft:oak_boat":1,"minecraft:iron_ore":46,"minecraft:iron_pickaxe":1,"minecraft:spruce_slab":1,"minecraft:glowstone_dust":2,"minecraft:oak_planks":15,"minecraft:dark_oak_stairs":12,"minecraft:furnace":2,"minecraft:stick":7,"minecraft:torch":4,"minecraft:gravel":28,"minecraft:sand":1,"minecraft:diorite":2,"minecraft:gold_ore":5,"minecraft:redstone":22,"minecraft:dark_oak_planks":12,"minecraft:arrow":9,"minecraft:rotten_flesh":12,"minecraft:stone_shovel":1,"minecraft:diamond":4,"minecraft:stone_axe":1,"minecraft:granite":16,"minecraft:obsidian":1,"minecraft:coal":83,"minecraft:cobblestone":360},"minecraft:broken":{"minecraft:iron_pickaxe":1},"minecraft:dropped":{"minecraft:gravel":14,"minecraft:dark_oak_stairs":12,"minecraft:wheat_seeds":1,"minecraft:flint":1,"minecraft:diorite":2,"minecraft:andesite":1},"minecraft:killed":{"minecraft:witch":1,"minecraft:spider":1,"minecraft:creeper":1,"minecraft:skeleton":3,"minecraft:zombie":5,"minecraft:enderman":1},"minecraft:crafted":{"minecraft:oak_planks":48,"minecraft:stone_shovel":1,"minecraft:crafting_table":3,"minecraft:wooden_pickaxe":1,"minecraft:furnace":1,"minecraft:bucket":1,"minecraft:stone_axe":1,"minecraft:air":0,"minecraft:flint_and_steel":1,"minecraft:oak_boat":1,"minecraft:diamond_pickaxe":1,"minecraft:shield":1,"minecraft:stick":60,"minecraft:iron_ingot":14,"minecraft:iron_pickaxe":2,"minecraft:stone_pickaxe":1,"minecraft:gold_ingot":5,"minecraft:torch":48},"minecraft:killed_by":{"minecraft:enderman":1}},"DataVersion":2586}